matchup,opening_idx,side,az_player,winner,az_score,opening_key
Deep,0,0,Player0,Draw,0.5,.........x
Deep,0,1,Player1,Draw,0.5,.........x
Deep,1,0,Player1,Draw,0.5,....X....o
Deep,1,1,Player0,Draw,0.5,....X....o
Deep,2,0,Player1,Draw,0.5,X........o
Deep,2,1,Player0,Draw,0.5,X........o
Deep,3,0,Player1,Draw,0.5,..X......o
Deep,3,1,Player0,Draw,0.5,..X......o
Deep,4,0,Player1,Draw,0.5,......X..o
Deep,4,1,Player0,Draw,0.5,......X..o
Deep,5,0,Player1,Draw,0.5,........Xo
Deep,5,1,Player0,Draw,0.5,........Xo
Deep,6,0,Player1,Draw,0.5,.X.......o
Deep,6,1,Player0,Draw,0.5,.X.......o
Deep,7,0,Player1,Draw,0.5,...X.....o
Deep,7,1,Player0,Draw,0.5,...X.....o
Deep,8,0,Player1,Draw,0.5,.....X...o
Deep,8,1,Player0,Player0,1.0,.....X...o
Deep,9,0,Player1,Draw,0.5,.......X.o
Deep,9,1,Player0,Player0,1.0,.......X.o
Deep,10,0,Player0,Draw,0.5,O...X....x
Deep,10,1,Player1,Draw,0.5,O...X....x
Deep,11,0,Player0,Draw,0.5,..O.X....x
Deep,11,1,Player1,Draw,0.5,..O.X....x
Deep,12,0,Player0,Draw,0.5,....X.O..x
Deep,12,1,Player1,Draw,0.5,....X.O..x
Deep,13,0,Player0,Player0,1.0,....X...Ox
Deep,13,1,Player1,Draw,0.5,....X...Ox
Deep,14,0,Player0,Player0,1.0,.O..X....x
Deep,14,1,Player1,Player0,0.0,.O..X....x
Deep,15,0,Player0,Player0,1.0,...OX....x
Deep,15,1,Player1,Player0,0.0,...OX....x
Deep,16,0,Player0,Player0,1.0,....XO...x
Deep,16,1,Player1,Player0,0.0,....XO...x
Deep,17,0,Player0,Player0,1.0,....X..O.x
Deep,17,1,Player1,Player0,0.0,....X..O.x
Deep,18,0,Player0,Draw,0.5,X...O....x
Deep,18,1,Player1,Draw,0.5,X...O....x
Deep,19,0,Player0,Player0,1.0,X.O......x
Deep,19,1,Player1,Player0,0.0,X.O......x
Deep,20,0,Player0,Player0,1.0,X.....O..x
Deep,20,1,Player1,Player0,0.0,X.....O..x
Deep,21,0,Player0,Player0,1.0,X.......Ox
Deep,21,1,Player1,Player0,0.0,X.......Ox
Deep,22,0,Player0,Player0,1.0,XO.......x
Deep,22,1,Player1,Player0,0.0,XO.......x
Deep,23,0,Player0,Player0,1.0,X..O.....x
Deep,23,1,Player1,Player0,0.0,X..O.....x
Deep,24,0,Player0,Player0,1.0,X....O...x
Deep,24,1,Player1,Player0,0.0,X....O...x
Medium,0,0,Player0,Player0,1.0,.........x
Medium,0,1,Player1,Draw,0.5,.........x
Medium,1,0,Player1,Draw,0.5,....X....o
Medium,1,1,Player0,Draw,0.5,....X....o
Medium,2,0,Player1,Draw,0.5,X........o
Medium,2,1,Player0,Player0,1.0,X........o
Medium,3,0,Player1,Draw,0.5,..X......o
Medium,3,1,Player0,Player0,1.0,..X......o
Medium,4,0,Player1,Draw,0.5,......X..o
Medium,4,1,Player0,Player0,1.0,......X..o
Medium,5,0,Player1,Draw,0.5,........Xo
Medium,5,1,Player0,Player0,1.0,........Xo
Medium,6,0,Player1,Draw,0.5,.X.......o
Medium,6,1,Player0,Draw,0.5,.X.......o
Medium,7,0,Player1,Draw,0.5,...X.....o
Medium,7,1,Player0,Draw,0.5,...X.....o
Medium,8,0,Player1,Draw,0.5,.....X...o
Medium,8,1,Player0,Player0,1.0,.....X...o
Medium,9,0,Player1,Draw,0.5,.......X.o
Medium,9,1,Player0,Draw,0.5,.......X.o
Medium,10,0,Player0,Draw,0.5,O...X....x
Medium,10,1,Player1,Draw,0.5,O...X....x
Medium,11,0,Player0,Draw,0.5,..O.X....x
Medium,11,1,Player1,Draw,0.5,..O.X....x
Medium,12,0,Player0,Draw,0.5,....X.O..x
Medium,12,1,Player1,Draw,0.5,....X.O..x
Medium,13,0,Player0,Draw,0.5,....X...Ox
Medium,13,1,Player1,Draw,0.5,....X...Ox
Medium,14,0,Player0,Player0,1.0,.O..X....x
Medium,14,1,Player1,Player0,0.0,.O..X....x
Medium,15,0,Player0,Player0,1.0,...OX....x
Medium,15,1,Player1,Player0,0.0,...OX....x
Medium,16,0,Player0,Player0,1.0,....XO...x
Medium,16,1,Player1,Player0,0.0,....XO...x
Medium,17,0,Player0,Player0,1.0,....X..O.x
Medium,17,1,Player1,Player0,0.0,....X..O.x
Medium,18,0,Player0,Draw,0.5,X...O....x
Medium,18,1,Player1,Draw,0.5,X...O....x
Medium,19,0,Player0,Player0,1.0,X.O......x
Medium,19,1,Player1,Player0,0.0,X.O......x
Medium,20,0,Player0,Player0,1.0,X.....O..x
Medium,20,1,Player1,Draw,0.5,X.....O..x
Medium,21,0,Player0,Player0,1.0,X.......Ox
Medium,21,1,Player1,Player0,0.0,X.......Ox
Medium,22,0,Player0,Player0,1.0,XO.......x
Medium,22,1,Player1,Player0,0.0,XO.......x
Medium,23,0,Player0,Player0,1.0,X..O.....x
Medium,23,1,Player1,Player0,0.0,X..O.....x
Medium,24,0,Player0,Player0,1.0,X....O...x
Medium,24,1,Player1,Player0,0.0,X....O...x
Random,0,0,Player0,Player0,1.0,.........x
Random,0,1,Player1,Player1,1.0,.........x
Random,1,0,Player1,Player1,1.0,....X....o
Random,1,1,Player0,Player0,1.0,....X....o
Random,2,0,Player1,Player1,1.0,X........o
Random,2,1,Player0,Player0,1.0,X........o
Random,3,0,Player1,Draw,0.5,..X......o
Random,3,1,Player0,Player0,1.0,..X......o
Random,4,0,Player1,Player1,1.0,......X..o
Random,4,1,Player0,Player0,1.0,......X..o
Random,5,0,Player1,Player1,1.0,........Xo
Random,5,1,Player0,Player0,1.0,........Xo
Random,6,0,Player1,Player1,1.0,.X.......o
Random,6,1,Player0,Player0,1.0,.X.......o
Random,7,0,Player1,Player1,1.0,...X.....o
Random,7,1,Player0,Player0,1.0,...X.....o
Random,8,0,Player1,Player1,1.0,.....X...o
Random,8,1,Player0,Player0,1.0,.....X...o
Random,9,0,Player1,Draw,0.5,.......X.o
Random,9,1,Player0,Player0,1.0,.......X.o
Random,10,0,Player0,Player0,1.0,O...X....x
Random,10,1,Player1,Player1,1.0,O...X....x
Random,11,0,Player0,Player0,1.0,..O.X....x
Random,11,1,Player1,Player1,1.0,..O.X....x
Random,12,0,Player0,Player0,1.0,....X.O..x
Random,12,1,Player1,Player1,1.0,....X.O..x
Random,13,0,Player0,Player0,1.0,....X...Ox
Random,13,1,Player1,Draw,0.5,....X...Ox
Random,14,0,Player0,Player0,1.0,.O..X....x
Random,14,1,Player1,Player1,1.0,.O..X....x
Random,15,0,Player0,Player0,1.0,...OX....x
Random,15,1,Player1,Player0,0.0,...OX....x
Random,16,0,Player0,Player0,1.0,....XO...x
Random,16,1,Player1,Draw,0.5,....XO...x
Random,17,0,Player0,Player0,1.0,....X..O.x
Random,17,1,Player1,Player0,0.0,....X..O.x
Random,18,0,Player0,Player0,1.0,X...O....x
Random,18,1,Player1,Player1,1.0,X...O....x
Random,19,0,Player0,Player0,1.0,X.O......x
Random,19,1,Player1,Player1,1.0,X.O......x
Random,20,0,Player0,Player0,1.0,X.....O..x
Random,20,1,Player1,Draw,0.5,X.....O..x
Random,21,0,Player0,Player0,1.0,X.......Ox
Random,21,1,Player1,Player1,1.0,X.......Ox
Random,22,0,Player0,Player0,1.0,XO.......x
Random,22,1,Player1,Draw,0.5,XO.......x
Random,23,0,Player0,Player0,1.0,X..O.....x
Random,23,1,Player1,Player1,1.0,X..O.....x
Random,24,0,Player0,Player0,1.0,X....O...x
Random,24,1,Player1,Player1,1.0,X....O...x
